,Files to be deleted
0,stocks/BRZE.csv
1,stocks/INDIW.csv
2,stocks/RMCOW.csv
3,stocks/NVCT.csv
4,stocks/SBFM.csv
5,stocks/TGVCW.csv
6,stocks/JTAIW.csv
7,stocks/ALCY.csv
8,stocks/KACLU.csv
9,stocks/GSDWW.csv
10,stocks/KNSW.csv
11,stocks/GLADZ.csv
12,stocks/CITEU.csv
13,stocks/ALVO.csv
14,stocks/QETAU.csv
15,stocks/IVCBW.csv
16,stocks/JCSE.csv
17,stocks/APXIW.csv
18,stocks/HUDAU.csv
19,stocks/AMPX.csv
20,stocks/NU.csv
21,stocks/NB.csv
22,stocks/CR.csv
23,stocks/ICUCW.csv
24,stocks/AVHI.csv
25,stocks/PMEC.csv
26,stocks/PHUNW.csv
27,stocks/NUBIU.csv
28,stocks/QSIAW.csv
29,stocks/BHACW.csv
30,stocks/FORL.csv
31,stocks/SAJ.csv
32,stocks/SVIIU.csv
33,stocks/TGL.csv
34,stocks/MBLY.csv
35,stocks/TFPM.csv
36,stocks/NETC.csv
37,stocks/DPSI.csv
38,stocks/GOEVW.csv
39,stocks/RWOD.csv
40,stocks/MGRM.csv
41,stocks/MOBBW.csv
42,stocks/SMAP.csv
43,stocks/GLST.csv
44,stocks/JNVR.csv
45,stocks/WGSWW.csv
46,stocks/VRAX.csv
47,stocks/RILYG.csv
48,stocks/RLTY.csv
49,stocks/MITAW.csv
50,stocks/SVREW.csv
51,stocks/CMPOW.csv
52,stocks/VMCAU.csv
53,stocks/HUBCZ.csv
54,stocks/PPYAU.csv
55,stocks/DTG.csv
56,stocks/RVPHW.csv
57,stocks/SCRMU.csv
58,stocks/EMLD.csv
59,stocks/BTBD.csv
60,stocks/OP.csv
61,stocks/DPCSU.csv
62,stocks/XFIN.csv
63,stocks/MAIA.csv
64,stocks/BLEU.csv
65,stocks/PGSS.csv
66,stocks/PEV.csv
67,stocks/DMAQR.csv
68,stocks/BEAT.csv
69,stocks/BRACR.csv
70,stocks/LVROW.csv
71,stocks/LIVB.csv
72,stocks/PLTNR.csv
73,stocks/TLGY.csv
74,stocks/TRNR.csv
75,stocks/CMCAU.csv
76,stocks/OAKUW.csv
77,stocks/TIVC.csv
78,stocks/VZLA.csv
79,stocks/PRH.csv
80,stocks/PBAXW.csv
81,stocks/RDZN.csv
82,stocks/SXTPW.csv
83,stocks/CMAXW.csv
84,stocks/ZLSWW.csv
85,stocks/OAKUU.csv
86,stocks/RVSNW.csv
87,stocks/CMCAW.csv
88,stocks/VMCA.csv
89,stocks/FEXDR.csv
90,stocks/IOAC.csv
91,stocks/ONMDW.csv
92,stocks/NVVEW.csv
93,stocks/GOVXW.csv
94,stocks/TOIIW.csv
95,stocks/FTAIM.csv
96,stocks/PGRU.csv
97,stocks/ACBAW.csv
98,stocks/AESI.csv
99,stocks/CXAIW.csv
100,stocks/ASCAR.csv
101,stocks/ODVWW.csv
102,stocks/SWIN.csv
103,stocks/WINVR.csv
104,stocks/SMXWW.csv
105,stocks/CDTTW.csv
106,stocks/DPCSW.csv
107,stocks/EXTO.csv
108,stocks/SHFSW.csv
109,stocks/SCRMW.csv
110,stocks/PAPL.csv
111,stocks/PTHR.csv
112,stocks/VMCAW.csv
113,stocks/NCPLW.csv
114,stocks/PPYAW.csv
115,stocks/HTZWW.csv
116,stocks/THCPW.csv
117,stocks/HLN.csv
118,stocks/SQLLW.csv
119,stocks/AIMBU.csv
120,stocks/OHAAW.csv
121,stocks/SHPH.csv
122,stocks/MEGL.csv
123,stocks/TCBX.csv
124,stocks/GAINL.csv
125,stocks/MDV.csv
126,stocks/MGRX.csv
127,stocks/EFSCP.csv
128,stocks/ONYXW.csv
129,stocks/SYTAW.csv
130,stocks/USCTW.csv
131,stocks/SVIIW.csv
132,stocks/LNZAW.csv
133,stocks/MIRA.csv
134,stocks/HSCS.csv
135,stocks/SDRL.csv
136,stocks/NUBIW.csv
137,stocks/EQRXW.csv
138,stocks/TPG.csv
139,stocks/SVV.csv
140,stocks/SWVLW.csv
141,stocks/BREZW.csv
142,stocks/TETE.csv
143,stocks/NMAI.csv
144,stocks/APXIU.csv
145,stocks/IVCBU.csv
146,stocks/LATGU.csv
147,stocks/CITEW.csv
148,stocks/FBYD.csv
149,stocks/AVPTW.csv
150,stocks/TENK.csv
151,stocks/DCFCW.csv
152,stocks/KACLW.csv
153,stocks/NXL.csv
154,stocks/NNAGR.csv
155,stocks/LCW.csv
156,stocks/RFAC.csv
157,stocks/MHUA.csv
158,stocks/AIRE.csv
159,stocks/PLTNU.csv
160,stocks/FEXDW.csv
161,stocks/CCIA.csv
162,stocks/WBUY.csv
163,stocks/LITM.csv
164,stocks/ICCT.csv
165,stocks/GTAC.csv
166,stocks/ONMD.csv
167,stocks/SHPWW.csv
168,stocks/BRACU.csv
169,stocks/GDHG.csv
170,stocks/RCACU.csv
171,stocks/NOGNW.csv
172,stocks/ASCAW.csv
173,stocks/WINVW.csv
174,stocks/HYAC.csv
175,stocks/OABIW.csv
176,stocks/CFFEW.csv
177,stocks/MOBVU.csv
178,stocks/OHAA.csv
179,stocks/RWAYZ.csv
180,stocks/RCKTW.csv
181,stocks/BFRG.csv
182,stocks/ACDC.csv
183,stocks/CISS.csv
184,stocks/ATNFW.csv
185,stocks/SMX.csv
186,stocks/AONCW.csv
187,stocks/VCXAW.csv
188,stocks/SCCG.csv
189,stocks/GMFIU.csv
190,stocks/PODC.csv
191,stocks/LOCC.csv
192,stocks/SVIIR.csv
193,stocks/SAZ.csv
194,stocks/NETD.csv
195,stocks/FORLW.csv
196,stocks/APLMW.csv
197,stocks/ATEK.csv
198,stocks/HSAI.csv
199,stocks/SCCF.csv
200,stocks/STBX.csv
201,stocks/NWGL.csv
202,stocks/KVUE.csv
203,stocks/RWAYL.csv
204,stocks/RMGCW.csv
205,stocks/BQ.csv
206,stocks/GEGGL.csv
207,stocks/EACPW.csv
208,stocks/BREZR.csv
209,stocks/MYNA.csv
210,stocks/IMPPP.csv
211,stocks/FTIIW.csv
212,stocks/JGGC.csv
213,stocks/ZURAW.csv
214,stocks/HUDAR.csv
215,stocks/NCACW.csv
216,stocks/PEGR.csv
217,stocks/CBRGU.csv
218,stocks/NCAC.csv
219,stocks/HSPOW.csv
220,stocks/PEPL.csv
221,stocks/GIPRW.csv
222,stocks/NNAGW.csv
223,stocks/BMR.csv
224,stocks/FNVT.csv
225,stocks/GHIX.csv
226,stocks/TGAAU.csv
227,stocks/MTEK.csv
228,stocks/HUBC.csv
229,stocks/SRBK.csv
230,stocks/ULY.csv
231,stocks/TGAAW.csv
232,stocks/NNAGU.csv
233,stocks/PERF.csv
234,stocks/CSLR.csv
235,stocks/MARX.csv
236,stocks/VCXB.csv
237,stocks/TGAA.csv
238,stocks/APGE.csv
239,stocks/HSPOU.csv
240,stocks/RVSN.csv
241,stocks/HCP.csv
242,stocks/FTIIU.csv
243,stocks/AHI.csv
244,stocks/LATG.csv
245,stocks/DMA.csv
246,stocks/VGASW.csv
247,stocks/EDBLW.csv
248,stocks/SCCD.csv
249,stocks/PAYOW.csv
250,stocks/LCAHW.csv
251,stocks/FORLU.csv
252,stocks/BANL.csv
253,stocks/SATX.csv
254,stocks/EFHT.csv
255,stocks/CRGOW.csv
256,stocks/CREVW.csv
257,stocks/GMFIW.csv
258,stocks/CLCO.csv
259,stocks/SAY.csv
260,stocks/MAPSW.csv
261,stocks/SCCE.csv
262,stocks/CRDO.csv
263,stocks/KVAC.csv
264,stocks/MSBIP.csv
265,stocks/LUXHP.csv
266,stocks/MLYS.csv
267,stocks/ESACW.csv
268,stocks/PEPLW.csv
269,stocks/VINE.csv
270,stocks/SWSSW.csv
271,stocks/ODD.csv
272,stocks/SBFMW.csv
273,stocks/KBNTW.csv
274,stocks/ECCV.csv
275,stocks/SATLW.csv
276,stocks/MOBVW.csv
277,stocks/RCRTW.csv
278,stocks/YSBPW.csv
279,stocks/GFR.csv
280,stocks/GSMGW.csv
281,stocks/SAITW.csv
282,stocks/CVKD.csv
283,stocks/ASCAU.csv
284,stocks/PLAO.csv
285,stocks/RCACW.csv
286,stocks/BCV-A.csv
287,stocks/BRCC.csv
288,stocks/HCVIW.csv
289,stocks/RCFA.csv
290,stocks/BIAFW.csv
291,stocks/HOLOW.csv
292,stocks/VTMX.csv
293,stocks/ARIZ.csv
294,stocks/PLTNW.csv
295,stocks/PRM.csv
296,stocks/HKIT.csv
297,stocks/HNVR.csv
298,stocks/TWLVW.csv
299,stocks/OAKUR.csv
300,stocks/PLTN.csv
301,stocks/ALLR.csv
302,stocks/BHM.csv
303,stocks/MSSAW.csv
304,stocks/SNAXW.csv
305,stocks/OCSAW.csv
306,stocks/SPGC.csv
307,stocks/BTBDW.csv
308,stocks/AQUNU.csv
309,stocks/BYNOU.csv
310,stocks/LGST.csv
311,stocks/GAQ.csv
312,stocks/SEPAW.csv
313,stocks/BROGW.csv
314,stocks/APLD.csv
315,stocks/RZC.csv
316,stocks/MURAV.csv
317,stocks/KVACW.csv
318,stocks/HYMCW.csv
319,stocks/IE.csv
320,stocks/PROCW.csv
321,stocks/ACAXW.csv
322,stocks/MARXU.csv
323,stocks/LASE.csv
324,stocks/NKGN.csv
325,stocks/ALKSV.csv
326,stocks/MCOMW.csv
327,stocks/PXMD.csv
328,stocks/CITE.csv
329,stocks/BFAC.csv
330,stocks/BHFAM.csv
331,stocks/DUET.csv
332,stocks/TORO.csv
333,stocks/ABLLW.csv
334,stocks/PTWOW.csv
335,stocks/FICVW.csv
336,stocks/LTRY.csv
337,stocks/KWESW.csv
338,stocks/BNIXW.csv
339,stocks/TBCPW.csv
340,stocks/SVRE.csv
341,stocks/BZFDW.csv
342,stocks/CURIW.csv
343,stocks/DC.csv
344,stocks/VIGL.csv
345,stocks/WAVS.csv
346,stocks/OCTO.csv
347,stocks/GEHC.csv
348,stocks/NXGLW.csv
349,stocks/ASPI.csv
350,stocks/WTMA.csv
351,stocks/NVNIW.csv
352,stocks/CIFRW.csv
353,stocks/IOT.csv
354,stocks/DMYY.csv
355,stocks/BKDT.csv
356,stocks/AUST.csv
357,stocks/RCAC.csv
358,stocks/TPET.csv
359,stocks/ALSA.csv
360,stocks/NFYS.csv
361,stocks/NKGNW.csv
362,stocks/BRSH.csv
363,stocks/ALORW.csv
364,stocks/BEPI.csv
365,stocks/BBUC.csv
366,stocks/PLMIW.csv
367,stocks/PGYWW.csv
368,stocks/SEDA.csv
369,stocks/INAQW.csv
370,stocks/WTMAU.csv
371,stocks/HCDIZ.csv
372,stocks/LUNRW.csv
373,stocks/ALSAR.csv
374,stocks/SWKHL.csv
375,stocks/ALORU.csv
376,stocks/CDAQW.csv
377,stocks/TBMC.csv
378,stocks/ANGHW.csv
379,stocks/SNMP.csv
380,stocks/FEXD.csv
381,stocks/FRZA.csv
382,stocks/RMMZ.csv
383,stocks/HWELW.csv
384,stocks/DISTR.csv
385,stocks/PRLH.csv
386,stocks/HROWM.csv
387,stocks/ANL.csv
388,stocks/ESHAR.csv
389,stocks/PAXS.csv
390,stocks/CPBI.csv
391,stocks/AACT.csv
392,stocks/MOBQW.csv
393,stocks/MGAM.csv
394,stocks/HSCSW.csv
395,stocks/DPCS.csv
396,stocks/IREN.csv
397,stocks/LGHLW.csv
398,stocks/EE.csv
399,stocks/TOP.csv
400,stocks/YOTAR.csv
401,stocks/BLDEW.csv
402,stocks/LIFWW.csv
403,stocks/FIACW.csv
404,stocks/FOXO.csv
405,stocks/BCSA.csv
406,stocks/VERBW.csv
407,stocks/ACLX.csv
408,stocks/ACONW.csv
409,stocks/PTWOU.csv
410,stocks/BEATW.csv
411,stocks/ENERR.csv
412,stocks/MBC.csv
413,stocks/AIMDW.csv
414,stocks/GCMGW.csv
415,stocks/ACAXU.csv
416,stocks/TXO.csv
417,stocks/CLRC.csv
418,stocks/BLACR.csv
419,stocks/KVACU.csv
420,stocks/FCNCO.csv
421,stocks/GMBLZ.csv
422,stocks/APACW.csv
423,stocks/BYNOW.csv
424,stocks/SWAG.csv
425,stocks/MSSAU.csv
426,stocks/BOWNU.csv
427,stocks/KNF.csv
428,stocks/BAERW.csv
429,stocks/TMTCU.csv
430,stocks/KTTAW.csv
431,stocks/JAQCW.csv
432,stocks/ARBKL.csv
433,stocks/PPHPW.csv
434,stocks/ESLAW.csv
435,stocks/XFINW.csv
436,stocks/HUDA.csv
437,stocks/RACY.csv
438,stocks/APTMW.csv
439,stocks/PFXNZ.csv
440,stocks/IVCPW.csv
441,stocks/WTMAR.csv
442,stocks/WKSPW.csv
443,stocks/SPPL.csv
444,stocks/RBT.csv
445,stocks/SKGR.csv
446,stocks/ALSAW.csv
447,stocks/DISTW.csv
448,stocks/ICG.csv
449,stocks/BIRK.csv
450,stocks/SMAPW.csv
451,stocks/BCDAW.csv
452,stocks/GODNU.csv
453,stocks/HHGCW.csv
454,stocks/ESAC.csv
455,stocks/TETEU.csv
456,stocks/INTS.csv
457,stocks/YOTA.csv
458,stocks/REBN.csv
459,stocks/GNTA.csv
460,stocks/CETY.csv
461,stocks/DWACW.csv
462,stocks/STSS.csv
463,stocks/STRW.csv
464,stocks/SCRM.csv
465,stocks/PSNYW.csv
466,stocks/ILAG.csv
467,stocks/MCACU.csv
468,stocks/KERNW.csv
469,stocks/HCVI.csv
470,stocks/SHAP.csv
471,stocks/GLLIU.csv
472,stocks/DRCT.csv
473,stocks/EVEX.csv
474,stocks/NXLIW.csv
475,stocks/YOTAW.csv
476,stocks/HTCR.csv
477,stocks/EVGRU.csv
478,stocks/OXBRW.csv
479,stocks/GBBKW.csv
480,stocks/ATMU.csv
481,stocks/EHAB.csv
482,stocks/SURGW.csv
483,stocks/NRSN.csv
484,stocks/FATP.csv
485,stocks/ATMC.csv
486,stocks/STHO.csv
487,stocks/MNR.csv
488,stocks/ENERW.csv
489,stocks/ARTLW.csv
490,stocks/MTEKW.csv
491,stocks/MWG.csv
492,stocks/ASST.csv
493,stocks/FFIEW.csv
494,stocks/FMSTW.csv
495,stocks/SVII.csv
496,stocks/EVLVW.csv
497,stocks/BLACW.csv
498,stocks/DHCNL.csv
499,stocks/INTR.csv
500,stocks/VLTO.csv
501,stocks/ATLCL.csv
502,stocks/XPER.csv
503,stocks/INTE.csv
504,stocks/ESAB.csv
505,stocks/NRSNW.csv
506,stocks/GDNR.csv
507,stocks/TBLAW.csv
508,stocks/BRKH.csv
509,stocks/STRCW.csv
510,stocks/FINW.csv
511,stocks/AQUNR.csv
512,stocks/BRD.csv
513,stocks/BFRGW.csv
514,stocks/RAYA.csv
515,stocks/AREBW.csv
516,stocks/TRIS.csv
517,stocks/XELAP.csv
518,stocks/REGCP.csv
519,stocks/FAZEW.csv
520,stocks/IVP.csv
521,stocks/DISAW.csv
522,stocks/PACWP.csv
523,stocks/BLZE.csv
524,stocks/PRLHU.csv
525,stocks/GVH.csv
526,stocks/PPHPR.csv
527,stocks/BYNO.csv
528,stocks/ENLT.csv
529,stocks/PRLHW.csv
530,stocks/TMTCR.csv
531,stocks/LUXH.csv
532,stocks/AUUDW.csv
533,stocks/BOWNR.csv
534,stocks/ECXWW.csv
535,stocks/CAVA.csv
536,stocks/COYA.csv
537,stocks/BWNB.csv
538,stocks/ARBEW.csv
539,stocks/IXAQW.csv
540,stocks/BREA.csv
541,stocks/UHGWW.csv
542,stocks/CNFRZ.csv
543,stocks/LRHC.csv
544,stocks/NFTG.csv
545,stocks/LQR.csv
546,stocks/MSSA.csv
547,stocks/WLGS.csv
548,stocks/DFLIW.csv
549,stocks/LUNR.csv
550,stocks/BLACU.csv
551,stocks/LGSTW.csv
552,stocks/SRM.csv
553,stocks/SHLT.csv
554,stocks/ACAXR.csv
555,stocks/ZJYL.csv
556,stocks/AWINW.csv
557,stocks/SHUA.csv
558,stocks/CLIN.csv
559,stocks/ACAX.csv
560,stocks/KPLTW.csv
561,stocks/TRINL.csv
562,stocks/SCLXW.csv
563,stocks/SN.csv
564,stocks/LXEO.csv
565,stocks/HSHP.csv
566,stocks/INAQ.csv
567,stocks/ATMV.csv
568,stocks/EXFY.csv
569,stocks/MOB.csv
570,stocks/PCTTW.csv
571,stocks/BNIXR.csv
572,stocks/NUTX.csv
573,stocks/HCMA.csv
574,stocks/LLYVK.csv
575,stocks/EVGRW.csv
576,stocks/ATAT.csv
577,stocks/EVGR.csv
578,stocks/YOTAU.csv
579,stocks/PACI.csv
580,stocks/GLLIW.csv
581,stocks/DHCAW.csv
582,stocks/MCACW.csv
583,stocks/JEWL.csv
584,stocks/TRKAW.csv
585,stocks/OMH.csv
586,stocks/SZZLW.csv
587,stocks/XPDB.csv
588,stocks/NLOP.csv
589,stocks/TETEW.csv
590,stocks/JZ.csv
591,stocks/FSRXW.csv
592,stocks/SLAMW.csv
593,stocks/RXO.csv
594,stocks/YGF.csv
595,stocks/QDROW.csv
596,stocks/BEEMW.csv
597,stocks/AGBAW.csv
598,stocks/ALSAU.csv
599,stocks/GODN.csv
600,stocks/AGRIW.csv
601,stocks/MSGE.csv
602,stocks/SUAC.csv
603,stocks/IVCPU.csv
604,stocks/KRNLW.csv
605,stocks/AUROW.csv
606,stocks/GUG.csv
607,stocks/ENCPW.csv
608,stocks/PRZO.csv
609,stocks/TALKW.csv
610,stocks/MCAC.csv
611,stocks/ARIZR.csv
612,stocks/QOMOW.csv
613,stocks/DOUG.csv
614,stocks/CLINR.csv
615,stocks/AEAE.csv
616,stocks/AEON.csv
617,stocks/NSTS.csv
618,stocks/CMCA.csv
619,stocks/GGROW.csv
620,stocks/FLFV.csv
621,stocks/IMACW.csv
622,stocks/HRYU.csv
623,stocks/CLRCU.csv
624,stocks/PFTAW.csv
625,stocks/BCSAU.csv
626,stocks/USEA.csv
627,stocks/WEAV.csv
628,stocks/LUCY.csv
629,stocks/PPYA.csv
630,stocks/PIIIW.csv
631,stocks/ONFO.csv
632,stocks/WLDS.csv
633,stocks/LRE.csv
634,stocks/APLM.csv
635,stocks/WEL.csv
636,stocks/IRAAW.csv
637,stocks/IVDAW.csv
638,stocks/FATPW.csv
639,stocks/GMFI.csv
640,stocks/WHFCL.csv
641,stocks/WRNT.csv
642,stocks/CALC.csv
643,stocks/SLGCW.csv
644,stocks/SAGA.csv
645,stocks/AACI.csv
646,stocks/TCBPW.csv
647,stocks/CBRG.csv
648,stocks/LUCYW.csv
649,stocks/MGOL.csv
650,stocks/DECA.csv
651,stocks/ADOCR.csv
652,stocks/ARQQW.csv
653,stocks/PHIN.csv
654,stocks/ACAC.csv
655,stocks/BRKHU.csv
656,stocks/QSG.csv
657,stocks/MMVWW.csv
658,stocks/CETUR.csv
659,stocks/LCAAW.csv
660,stocks/CINGW.csv
661,stocks/NIRWW.csv
662,stocks/AMAM.csv
663,stocks/NYAX.csv
664,stocks/ACACU.csv
665,stocks/PTWO.csv
666,stocks/RWODR.csv
667,stocks/ACAB.csv
668,stocks/LANDP.csv
669,stocks/VTS.csv
670,stocks/AAMC.csv
671,stocks/CINT.csv
672,stocks/LCFY.csv
673,stocks/EDBL.csv
674,stocks/GMBLP.csv
675,stocks/BENFW.csv
676,stocks/VSTS.csv
677,stocks/RELIW.csv
678,stocks/KYCHW.csv
679,stocks/EVE.csv
680,stocks/HUMAW.csv
681,stocks/HPCO.csv
682,stocks/NVACR.csv
683,stocks/GMM.csv
684,stocks/SPEC.csv
685,stocks/GFAIW.csv
686,stocks/FOSLL.csv
687,stocks/AIBBR.csv
688,stocks/OPTX.csv
689,stocks/BUJAR.csv
690,stocks/ELWS.csv
691,stocks/MVLAW.csv
692,stocks/FEAM.csv
693,stocks/DTCK.csv
694,stocks/SRFM.csv
695,stocks/NMRA.csv
696,stocks/APXI.csv
697,stocks/ATAKR.csv
698,stocks/PMGMW.csv
699,stocks/CONXW.csv
700,stocks/VSACW.csv
701,stocks/AIXI.csv
702,stocks/VCIG.csv
703,stocks/SOUNW.csv
704,stocks/DBGIW.csv
705,stocks/NRXPW.csv
706,stocks/APCA.csv
707,stocks/FGIWW.csv
708,stocks/APCXW.csv
709,stocks/CCTS.csv
710,stocks/GRRRW.csv
711,stocks/MOBV.csv
712,stocks/KYCHU.csv
713,stocks/FRLAW.csv
714,stocks/PRME.csv
715,stocks/COEPW.csv
716,stocks/RMCO.csv
717,stocks/FIP.csv
718,stocks/SLDPW.csv
719,stocks/GLLI.csv
720,stocks/RRAC.csv
721,stocks/CETU.csv
722,stocks/ADSEW.csv
723,stocks/HYZNW.csv
724,stocks/STSSW.csv
725,stocks/ACACW.csv
726,stocks/COCHW.csv
727,stocks/BWAQR.csv
728,stocks/MPTI.csv
729,stocks/IRRX.csv
730,stocks/CRESW.csv
731,stocks/TSBX.csv
732,stocks/PMTU.csv
733,stocks/HOUR.csv
734,stocks/BRKHW.csv
735,stocks/DTSTW.csv
736,stocks/NCNCW.csv
737,stocks/SWAGW.csv
738,stocks/HSPO.csv
739,stocks/CWD.csv
740,stocks/NEOVW.csv
741,stocks/ADVWW.csv
742,stocks/BHVN.csv
743,stocks/CTCXW.csv
744,stocks/BLAC.csv
745,stocks/FIAC.csv
746,stocks/SNAL.csv
747,stocks/AEAEW.csv
748,stocks/BLEUR.csv
749,stocks/TNON.csv
750,stocks/ARRWW.csv
751,stocks/SBXC.csv
752,stocks/CFFS.csv
753,stocks/FREEW.csv
754,stocks/BCSAW.csv
755,stocks/CLRCW.csv
756,stocks/ROCL.csv
757,stocks/NXGL.csv
758,stocks/VSME.csv
759,stocks/KYCH.csv
760,stocks/KLG.csv
761,stocks/GSUN.csv
762,stocks/INTEW.csv
763,stocks/MACAW.csv
764,stocks/SLNA.csv
765,stocks/QOMOU.csv
766,stocks/RENEU.csv
767,stocks/HNRA.csv
768,stocks/CMND.csv
769,stocks/MCAA.csv
770,stocks/GTACW.csv
771,stocks/PWM.csv
772,stocks/ENCPU.csv
773,stocks/CHSN.csv
774,stocks/ARBB.csv
775,stocks/WAVSW.csv
776,stocks/DRMAW.csv
777,stocks/TRONW.csv
778,stocks/VFSWW.csv
779,stocks/IMPP.csv
780,stocks/ATAKU.csv
781,stocks/GDTC.csv
782,stocks/ARKOW.csv
783,stocks/REGCO.csv
784,stocks/AIBBU.csv
785,stocks/DMAQ.csv
786,stocks/BUJAU.csv
787,stocks/LIPO.csv
788,stocks/USGO.csv
789,stocks/HAIAU.csv
790,stocks/VIIAW.csv
791,stocks/VIEWW.csv
792,stocks/GMBLW.csv
793,stocks/OKYO.csv
794,stocks/BLCO.csv
795,stocks/SIDU.csv
796,stocks/FHLTW.csv
797,stocks/KSCP.csv
798,stocks/NUBI.csv
799,stocks/PXSAW.csv
800,stocks/COMSW.csv
801,stocks/PRSRW.csv
802,stocks/SLACW.csv
803,stocks/FGI.csv
804,stocks/PWUPU.csv
805,stocks/GV.csv
806,stocks/CRBG.csv
807,stocks/CSSEL.csv
808,stocks/SOPA.csv
809,stocks/AOGOW.csv
810,stocks/KMPB.csv
811,stocks/RWODU.csv
812,stocks/VRMEW.csv
813,stocks/SSSSL.csv
814,stocks/BHAC.csv
815,stocks/OXUSW.csv
816,stocks/ATLX.csv
817,stocks/REVBW.csv
818,stocks/LBBBW.csv
819,stocks/SFWL.csv
820,stocks/SFB.csv
821,stocks/ACON.csv
822,stocks/CETUU.csv
823,stocks/ACABW.csv
824,stocks/CNGLW.csv
825,stocks/LLYVA.csv
826,stocks/DHACW.csv
827,stocks/BWAQW.csv
828,stocks/KITTW.csv
829,stocks/GDSTW.csv
830,stocks/ZIVOW.csv
831,stocks/MNTSW.csv
832,stocks/LIFWZ.csv
833,stocks/GNLX.csv
834,stocks/EMLDW.csv
835,stocks/IPXXU.csv
836,stocks/BTMWW.csv
837,stocks/ZAPPW.csv
838,stocks/NPFD.csv
839,stocks/HKD.csv
840,stocks/HHGC.csv
841,stocks/ABLVW.csv
842,stocks/ADRT.csv
843,stocks/FNVTW.csv
844,stocks/CNGL.csv
845,stocks/RENE.csv
846,stocks/CTM.csv
847,stocks/RIVN.csv
848,stocks/DUETW.csv
849,stocks/OCCIN.csv
850,stocks/BLEUW.csv
851,stocks/SHUAU.csv
852,stocks/JGGCW.csv
853,stocks/CSLRW.csv
854,stocks/CLRCR.csv
855,stocks/BEEP.csv
856,stocks/UCAR.csv
857,stocks/CTNT.csv
858,stocks/WETG.csv
859,stocks/NIOBW.csv
860,stocks/FRLA.csv
861,stocks/KRRO.csv
862,stocks/HCDIW.csv
863,stocks/VSAC.csv
864,stocks/ARIZU.csv
865,stocks/SLND.csv
866,stocks/IZM.csv
867,stocks/HCMAU.csv
868,stocks/CLINU.csv
869,stocks/BWAQ.csv
870,stocks/BNOX.csv
871,stocks/WLDSW.csv
872,stocks/ARIZW.csv
873,stocks/BLTE.csv
874,stocks/CLINW.csv
875,stocks/QOMOR.csv
876,stocks/HCMAW.csv
877,stocks/BFIIW.csv
878,stocks/CFSB.csv
879,stocks/PRENW.csv
880,stocks/ENCP.csv
881,stocks/IMTXW.csv
882,stocks/PAVMZ.csv
883,stocks/LBBB.csv
884,stocks/JGGCU.csv
885,stocks/BIPI.csv
886,stocks/LIBYW.csv
887,stocks/SGII.csv
888,stocks/SHUAW.csv
889,stocks/BFRIW.csv
890,stocks/APOS.csv
891,stocks/BLEUU.csv
892,stocks/AZTR.csv
893,stocks/DUETU.csv
894,stocks/DUNEW.csv
895,stocks/CING.csv
896,stocks/CLAYW.csv
897,stocks/GBBK.csv
898,stocks/ONL.csv
899,stocks/NXPLW.csv
900,stocks/CNDB.csv
901,stocks/BYTSW.csv
902,stocks/MCAAW.csv
903,stocks/SG.csv
904,stocks/IPXXW.csv
905,stocks/ATAK.csv
906,stocks/LAES.csv
907,stocks/ADOCW.csv
908,stocks/EMLDU.csv
909,stocks/BWAQU.csv
910,stocks/IOACW.csv
911,stocks/PEGRW.csv
912,stocks/GDSTU.csv
913,stocks/SGE.csv
914,stocks/ACABU.csv
915,stocks/CETUW.csv
916,stocks/TCJH.csv
917,stocks/FBYDW.csv
918,stocks/CNGLU.csv
919,stocks/ZVSA.csv
920,stocks/NNAG.csv
921,stocks/BTCTW.csv
922,stocks/SMFL.csv
923,stocks/LBBBU.csv
924,stocks/AENTW.csv
925,stocks/SGD.csv
926,stocks/GBTG.csv
927,stocks/CCG.csv
928,stocks/AMLX.csv
929,stocks/AOGOU.csv
930,stocks/RWODW.csv
931,stocks/MGLD.csv
932,stocks/DO.csv
933,stocks/PWUPW.csv
934,stocks/THAR.csv
935,stocks/FG.csv
936,stocks/MVSTW.csv
937,stocks/NNAVW.csv
938,stocks/GCT.csv
939,stocks/CHEA.csv
940,stocks/CCTSW.csv
941,stocks/STIXW.csv
942,stocks/GATEW.csv
943,stocks/NVACW.csv
944,stocks/GNS.csv
945,stocks/AGNCL.csv
946,stocks/HAIAW.csv
947,stocks/CDIO.csv
948,stocks/BUJAW.csv
949,stocks/CJET.csv
950,stocks/AKAN.csv
951,stocks/MCAG.csv
952,stocks/ATAKW.csv
953,stocks/IXHL.csv
954,stocks/ASTSW.csv
955,stocks/WAVSU.csv
956,stocks/TENKR.csv
957,stocks/TNONW.csv
958,stocks/CLNNW.csv
959,stocks/SYRA.csv
960,stocks/BIAF.csv
961,stocks/CSWCZ.csv
962,stocks/SLRN.csv
963,stocks/GDNRU.csv
964,stocks/RUMBW.csv
965,stocks/SEZL.csv
966,stocks/LZM.csv
967,stocks/SKWD.csv
968,stocks/BYN.csv
969,stocks/MAQCW.csv
970,stocks/GLSTW.csv
971,stocks/FLFVU.csv
972,stocks/PWUP.csv
973,stocks/SKYX.csv
974,stocks/EUDAW.csv
975,stocks/IPXX.csv
976,stocks/FMST.csv
977,stocks/RYZB.csv
978,stocks/IGTA.csv
979,stocks/ACRV.csv
980,stocks/FTRE.csv
981,stocks/LGVCU.csv
982,stocks/TBMCR.csv
983,stocks/CEADW.csv
984,stocks/NRXS.csv
985,stocks/ROCLW.csv
986,stocks/HBANL.csv
987,stocks/FTEL.csv
988,stocks/CRGY.csv
989,stocks/ASNS.csv
990,stocks/LTRYW.csv
991,stocks/SAT.csv
992,stocks/LMDXW.csv
993,stocks/CFFSU.csv
994,stocks/JFBRW.csv
995,stocks/EFHTR.csv
996,stocks/ASCB.csv
997,stocks/CMRAW.csv
998,stocks/CRGO.csv
999,stocks/ATGL.csv
1000,stocks/DIST.csv
1001,stocks/ENGNW.csv
1002,stocks/BMAC.csv
1003,stocks/LIVBU.csv
1004,stocks/ESHA.csv
1005,stocks/JSPRW.csv
1006,stocks/RFACW.csv
1007,stocks/ADTHW.csv
1008,stocks/YOSH.csv
1009,stocks/AFAR.csv
1010,stocks/AERTW.csv
1011,stocks/NCNC.csv
1012,stocks/ASCBU.csv
1013,stocks/ALCYW.csv
1014,stocks/ZURA.csv
1015,stocks/USCT.csv
1016,stocks/NCL.csv
1017,stocks/ATMCW.csv
1018,stocks/PIK.csv
1019,stocks/OCAXW.csv
1020,stocks/FIHL.csv
1021,stocks/GDEVW.csv
1022,stocks/SAGAU.csv
1023,stocks/ONYX.csv
1024,stocks/THWWW.csv
1025,stocks/LIBY.csv
1026,stocks/GDST.csv
1027,stocks/INVZW.csv
1028,stocks/WESTW.csv
1029,stocks/ALOR.csv
1030,stocks/NVAC.csv
1031,stocks/DSAQ.csv
1032,stocks/AREB.csv
1033,stocks/SKGRU.csv
1034,stocks/TKLF.csv
1035,stocks/IVCB.csv
1036,stocks/ANTX.csv
1037,stocks/NRACW.csv
1038,stocks/SKGRW.csv
1039,stocks/CSLMR.csv
1040,stocks/IONR.csv
1041,stocks/WNNR.csv
1042,stocks/SONDW.csv
1043,stocks/VAXX.csv
1044,stocks/BRSHW.csv
1045,stocks/CLBTW.csv
1046,stocks/NVX.csv
1047,stocks/ISPR.csv
1048,stocks/RDZNW.csv
1049,stocks/ALVOW.csv
1050,stocks/ATMCU.csv
1051,stocks/ADNWW.csv
1052,stocks/ALCYU.csv
1053,stocks/PETWW.csv
1054,stocks/ASCBW.csv
1055,stocks/ECBK.csv
1056,stocks/JYD.csv
1057,stocks/BOWN.csv
1058,stocks/REFI.csv
1059,stocks/ESGL.csv
1060,stocks/ECCX.csv
1061,stocks/BCAN.csv
1062,stocks/AIB.csv
1063,stocks/ASTI.csv
1064,stocks/GENK.csv
1065,stocks/LCFYW.csv
1066,stocks/RFACU.csv
1067,stocks/LIVBW.csv
1068,stocks/HLP.csv
1069,stocks/PHYT.csv
1070,stocks/NYMTZ.csv
1071,stocks/GPAK.csv
1072,stocks/BRLIW.csv
1073,stocks/SSIC.csv
1074,stocks/TCOA.csv
1075,stocks/OST.csv
1076,stocks/AVHIW.csv
1077,stocks/CCLDO.csv
1078,stocks/CFFSW.csv
1079,stocks/NOVVW.csv
1080,stocks/CLOER.csv
1081,stocks/PXDT.csv
1082,stocks/LVLU.csv
1083,stocks/XOSWW.csv
1084,stocks/ASCA.csv
1085,stocks/MNTN.csv
1086,stocks/TCBP.csv
1087,stocks/NPABW.csv
1088,stocks/ROCLU.csv
1089,stocks/LSEAW.csv
1090,stocks/CUENW.csv
1091,stocks/AOGO.csv
1092,stocks/LGVCW.csv
1093,stocks/PORT.csv
1094,stocks/EFTRW.csv
1095,stocks/METCB.csv
1096,stocks/AGILW.csv
1097,stocks/NATL.csv
1098,stocks/NEWTI.csv
1099,stocks/FLFVW.csv
1100,stocks/GLSTU.csv
1101,stocks/MTRY.csv
1102,stocks/BENF.csv
1103,stocks/WUCT.csv
1104,stocks/PBAX.csv
1105,stocks/LYT.csv
1106,stocks/SLNAW.csv
1107,stocks/GDNRW.csv
1108,stocks/DRTSW.csv
1109,stocks/ISRL.csv
1110,stocks/ATMVU.csv
1111,stocks/EMCGR.csv
1112,stocks/IXAQ.csv
1113,stocks/SRZNW.csv
1114,stocks/ZFOXW.csv
1115,stocks/LEXXW.csv
1116,stocks/PKST.csv
1117,stocks/SABSW.csv
1118,stocks/MDBH.csv
1119,stocks/IVCA.csv
1120,stocks/CHEAU.csv
1121,stocks/FATBW.csv
1122,stocks/CSLMW.csv
1123,stocks/SAGAR.csv
1124,stocks/SPKLU.csv
1125,stocks/ABLV.csv
1126,stocks/IMAQW.csv
1127,stocks/BNRG.csv
1128,stocks/PTHRU.csv
1129,stocks/ABVX.csv
1130,stocks/PLAOW.csv
1131,stocks/ASCBR.csv
1132,stocks/LGVC.csv
1133,stocks/ONFOW.csv
1134,stocks/BUJA.csv
1135,stocks/AFRIW.csv
1136,stocks/LSDI.csv
1137,stocks/CDIOW.csv
1138,stocks/OPTXW.csv
1139,stocks/FHLT.csv
1140,stocks/NETDU.csv
1141,stocks/DTI.csv
1142,stocks/RACYU.csv
1143,stocks/OAKU.csv
1144,stocks/MSS.csv
1145,stocks/DERM.csv
1146,stocks/SGIIW.csv
1147,stocks/SYT.csv
1148,stocks/XPDBW.csv
1149,stocks/ASBA.csv
1150,stocks/NPAB.csv
1151,stocks/HTFC.csv
1152,stocks/BRLIR.csv
1153,stocks/BACA.csv
1154,stocks/SOUN.csv
1155,stocks/AIMAU.csv
1156,stocks/SXTP.csv
1157,stocks/CREXW.csv
1158,stocks/ARM.csv
1159,stocks/FTII.csv
1160,stocks/NBSTW.csv
1161,stocks/DBD.csv
1162,stocks/CDROW.csv
1163,stocks/DECAW.csv
1164,stocks/BOCN.csv
1165,stocks/CCGWW.csv
1166,stocks/CDT.csv
1167,stocks/CEG.csv
1168,stocks/NOVVR.csv
1169,stocks/ACAHW.csv
1170,stocks/CREV.csv
1171,stocks/THRD.csv
1172,stocks/KACL.csv
1173,stocks/BETRW.csv
1174,stocks/ORGNW.csv
1175,stocks/VFS.csv
1176,stocks/PTIXW.csv
1177,stocks/MLECW.csv
1178,stocks/SHOTW.csv
1179,stocks/BOCNU.csv
1180,stocks/NWTNW.csv
1181,stocks/GHIXW.csv
1182,stocks/ATPC.csv
1183,stocks/OXLCZ.csv
1184,stocks/MGIH.csv
1185,stocks/BJDX.csv
1186,stocks/OCEAW.csv
1187,stocks/LVOXW.csv
1188,stocks/KVYO.csv
1189,stocks/FLFVR.csv
1190,stocks/IVCAU.csv
1191,stocks/TURB.csv
1192,stocks/PETVW.csv
1193,stocks/GATE.csv
1194,stocks/SQFTW.csv
1195,stocks/IMMX.csv
1196,stocks/AFARU.csv
1197,stocks/ISRLU.csv
1198,stocks/TLGYU.csv
1199,stocks/IGTAU.csv
1200,stocks/ENGN.csv
1201,stocks/EMCGW.csv
1202,stocks/TGVC.csv
1203,stocks/TENKU.csv
1204,stocks/NXU.csv
1205,stocks/KGS.csv
1206,stocks/BOF.csv
1207,stocks/BMN.csv
1208,stocks/BCTXW.csv
1209,stocks/CDAQ.csv
1210,stocks/LICN.csv
1211,stocks/TELZ.csv
1212,stocks/IFIN.csv
1213,stocks/PEPG.csv
1214,stocks/ATMVR.csv
1215,stocks/EMCGU.csv
1216,stocks/BAM.csv
1217,stocks/USGOW.csv
1218,stocks/IGTAW.csv
1219,stocks/IPX.csv
1220,stocks/EICB.csv
1221,stocks/CART.csv
1222,stocks/RGTIW.csv
1223,stocks/ASTLW.csv
1224,stocks/TLGYW.csv
1225,stocks/ISRLW.csv
1226,stocks/AFARW.csv
1227,stocks/HLVX.csv
1228,stocks/GPACW.csv
1229,stocks/ZIMV.csv
1230,stocks/ROSE.csv
1231,stocks/BRAC.csv
1232,stocks/GAMCW.csv
1233,stocks/MODD.csv
1234,stocks/IVCAW.csv
1235,stocks/UKOMW.csv
1236,stocks/VWEWW.csv
1237,stocks/HUBCW.csv
1238,stocks/GHIXU.csv
1239,stocks/BOCNW.csv
1240,stocks/PRSTW.csv
1241,stocks/XPON.csv
1242,stocks/CPTNW.csv
1243,stocks/MTRYW.csv
1244,stocks/FSCO.csv
1245,stocks/AQU.csv
1246,stocks/GPCR.csv
1247,stocks/SMR.csv
1248,stocks/DAVEW.csv
1249,stocks/MBINM.csv
1250,stocks/PUCKW.csv
1251,stocks/DECAU.csv
1252,stocks/ROSEW.csv
1253,stocks/EFHTW.csv
1254,stocks/LFLYW.csv
1255,stocks/AIMAW.csv
1256,stocks/HOFVW.csv
1257,stocks/ZGN.csv
1258,stocks/CISO.csv
1259,stocks/XPDBU.csv
1260,stocks/MCAGU.csv
1261,stocks/EMBC.csv
1262,stocks/OXLCN.csv
1263,stocks/SZZL.csv
1264,stocks/SGIIU.csv
1265,stocks/EMCG.csv
1266,stocks/RFACR.csv
1267,stocks/RACYW.csv
1268,stocks/HAIA.csv
1269,stocks/NETDW.csv
1270,stocks/TMTC.csv
1271,stocks/GROMW.csv
1272,stocks/MDAIW.csv
1273,stocks/AERT.csv
1274,stocks/SGMT.csv
1275,stocks/PLAOU.csv
1276,stocks/DHAC.csv
1277,stocks/BWV.csv
1278,stocks/AACIW.csv
1279,stocks/BTM.csv
1280,stocks/JFBR.csv
1281,stocks/QOMO.csv
1282,stocks/SDAWW.csv
1283,stocks/PTHRW.csv
1284,stocks/BGXX.csv
1285,stocks/EUDA.csv
1286,stocks/ATMCR.csv
1287,stocks/ESGLW.csv
1288,stocks/CSLM.csv
1289,stocks/NVNI.csv
1290,stocks/JTAIZ.csv
1291,stocks/ENER.csv
1292,stocks/EGOX.csv
1293,stocks/SPECW.csv
1294,stocks/LAC.csv
1295,stocks/LNKB.csv
1296,stocks/CSLMU.csv
1297,stocks/CELUW.csv
1298,stocks/NXT.csv
1299,stocks/IVCP.csv
